id,name,teacherName,schoolName,enrollCount,startTime,endTime,currentTermId,type,channelId
1003316002,药物设计学,付伟,复旦大学,29,1772762400000,1783092600000,1476753558,306,3008
1001738001,科举与唐诗,王士祥,郑州大学,29,1772589600000,1782831600000,1476727542,306,3005
1001964004,园艺概论,徐强,华中农业大学,62,1772676000000,1782833400000,1476724546,306,3003
1001850003,测量学,何彬彬,电子科技大学,31,1772589600000,1785079800000,1476736530,306,3003
1002918014,信息组织原理与利用,Si LI,武汉大学,107,1772503200000,1782833400000,1476754531,306,3004
1001551007,大学英语自学课程（下）,张敬源,北京科技大学,84,1772503200000,1782055800000,1476722533,306,2002
1001907001,生物信息学,魏天迪,山东大学,133,1772762400000,1785511800000,1476731525,306,3003
1001596004,社会学概论,杨建科,西安交通大学,201,1772589600000,1784388600000,1476730540,306,3005
1002479005,美食鉴赏与食品创新设计,李斌,华中农业大学,67,1772589600000,1782833400000,1476731515,306,3003
1002929003,船舶电气设备及系统,吴浩峻,大连海事大学,29,1772589600000,1785511800000,1476745523,306,3003
1001700017,分析化学（二）：仪器分析,宦双燕,湖南大学,71,1772330400000,1783697400000,1476753516,306,3003
1001979017,海上货物运输,田佰军,大连海事大学,37,1772503200000,1782833400000,1476733510,306,3003
1002059003,电工技术与电子技术（二）（电工学  下）,王香婷,中国矿业大学,18,1772762400000,1785511800000,1476754501,306,3003
1001753367,电工技术与电子技术（一）（电工学  上）,王香婷,中国矿业大学,29,1772762400000,1785511800000,1476739509,306,3003
238004,机械原理,郭卫东,北京航空航天大学,178,1772416800000,1782833400000,1476723500,306,3003
1205595801,法律基础,唐力,西南政法大学,549,1772416800000,1783092600000,1476730495,306,3005
1003043004,管理学原理,孙岩,大连理工大学,298,1772244000000,1783870200000,1476750498,306,3004
1002111005,植物生理学,夏石头,湖南农业大学,494,1772762400000,1783351800000,1476731477,306,3003
1003256004,植物营养学,石磊,华中农业大学,99,1772762400000,1782747000000,1476751481,306,3003
1001571004,计算机操作系统,骆斌,南京大学,201,1772409600000,1785511800000,1476733479,306,3002
1002105006,数字电子技术基础,侯建军,北京交通大学,57,1772416800000,1782833400000,1476737468,306,3003
235006,计算机系统与网络安全技术,周世杰,电子科技大学,218,1772409600000,1782487800000,1476723459,306,3002
1003323005,货币银行学,范立夫,东北财经大学,331,1771898400000,1782833400000,1476729464,306,3004
1001700020,中国饮食文化,谢定源,华中农业大学,387,1772416800000,1782660600000,1476756457,306,30001
1001942004,电子线路设计、测试与实验（一）,梁琨,华中科技大学,192,1772416800000,1784561400000,1476732456,306,114001
1001729006,单片机原理与应用,戴胜华,北京交通大学,244,1772416800000,1783265400000,1476749459,306,2001
170001,高速铁路运营与维护,王平,西南交通大学,46,1772503200000,1777649400000,1476659467,306,2001
1001752358,材料力学,乔玲,东南大学,39,1772416800000,1783697400000,1476664476,306,126001
89007,航空航天概论,杨超,北京航空航天大学,124,1772413200000,1782487800000,1476656461,306,2001
1003322004,基础会计,张娆,东北财经大学,521,1772416800000,1784043000000,1476657454,306,3004
47004,大学计算机,陈宇峰,北京理工大学,446,1772409600000,1783265400000,1476646447,306,3002
1002532016,成衣工艺学,杜磊,浙江理工大学,179,1772762400000,1778947200000,1476556447,306,2001
44001,有机化学（上）,姜文凤,大连理工大学,221,1772330400000,1784129400000,1476526444,306,126001
1002012010,创业基础,邓汉慧,中南财经政法大学,112,1772434800000,1783438200000,1476475492,306,56001
1001674004,无机非金属材料实验,冯小平,武汉理工大学,18,1772416800000,1782487800000,1476486484,306,126001
476001,系统解剖学,丁兆习,山东大学,668,1772326800000,1782055800000,1476505468,306,3008
20016,医学统计学,郝元涛,中山大学,807,1772413200000,1781019000000,1476504457,306,3008
1001755407,战略管理,王娟,南京邮电大学,63,1772503200000,1782833400000,1476440444,306,3004
168004,高速铁路桥梁与隧道工程,王英学,西南交通大学,27,1772935200000,1782833400000,1476756563,306,2001
1001753042,作物育种学,刘玲珑,南京农业大学,27,1772935200000,1782833400000,1476727569,306,2001
1002745022,工程热力学,王维,大连理工大学,67,1772676000000,1782833400000,1476743524,306,2001
1001752041,植物学,强胜,南京农业大学,106,1772762400000,1781537400000,1476740543,306,2001
1003768006,概率论与数理统计,赵鲁涛,北京科技大学,71,1772676000000,1784475000000,1476737522,306,2001
33003,通用英语（一）,赵雯,东北大学,99,1772935200000,1783351800000,1476746532,306,2001
234014,数字逻辑设计及应用,姜书艳,电子科技大学,18,1772762400000,1784129400000,1476722524,306,114001
1003384003,医患沟通技能学,吴静,中南大学,76,1772413200000,1783265400000,1476754484,306,3008
94001,机械设计,吴鹿鸣,西南交通大学,57,1772416800000,1782487800000,1476742485,306,56001
1001757009,现代工程制图（上）,王丹虹,大连理工大学,65,1772416800000,1783179000000,1476722483,306,2001
1001965017,数据库系统概论（新技术篇）,王珊,中国人民大学,72,1772323200000,1782833400000,1476730475,306,3002
1001655006,数据库系统概论（高级篇）,王珊,中国人民大学,142,1772323200000,1782833400000,1476753484,306,3002
488001,数据库系统概论（基础篇）,王珊,中国人民大学,466,1772323200000,1782833400000,1476731468,306,3002
1003741001,传热学,陶文铨,西安交通大学,186,1772503200000,1785511800000,1476735465,306,2001
1002047009,汇编语言程序设计,邢建川,电子科技大学,81,1772409600000,1782833400000,1476739465,306,3002
1002477002,好玩的广告学,汤志耘,宁波大学,47,1772676000000,1781794800000,1476753468,306,3005
17001,机械设计,宁方立,西北工业大学,277,1772416800000,1785511800000,1476755455,306,2001
1003043003,概率论与数理统计,徐友才,四川大学,17,1772676000000,1782833400000,1476649479,306,2001
1001816001,结构化学,王军,东北大学,262,1772330400000,1780241400000,1476669468,306,2001
18001,唐诗经典,胡可先,浙江大学,339,1772503200000,1783263600000,1476661453,306,3005
1002353001,西方现代化视野下的英美文学,李成坚,西南交通大学,16,1772416800000,1782055800000,1476566459,306,2001
1002531018,电磁场与电磁波,丁君,西北工业大学,270,1772330400000,1783351800000,1476533447,306,2001
1450024180,Swift创新导论,张克俊,浙江大学,15,1772692200000,1781537400000,1476755600,306,108001
1473676166,病理生理学,石磊,滨州医学院,18,1772845200000,1782660600000,1476724597,306,3008
1472843183,商事法律应用,马芳琴,西安欧亚学院,13,1772676000000,1814369400000,1476743565,306,3005
1002833010,人口社会学,张莉,中国政法大学,16,1772762400000,1785425400000,1476724595,306,3005
1449335163,领导科学与领导力,彭忠益,中南大学,20,1772676000000,1782833400000,1476750592,306,3004
1465994166,心理健康教育课程与设计,易芳,江西师范大学,28,1772676000000,1782833400000,1476739595,306,3007
1207423804,民法总论,李磊,上海对外经贸大学,14,1772762400000,1784561400000,1476746583,306,3005
1472545168,适老化设计,汪颖,浙江理工大学,30,1772762400000,1783353600000,1476727578,306,34001
1206626831,第二语言习得,闻亭,北京语言大学,143,1772676000000,1782831600000,1476731573,306,3005
1466035162,高等代数I,张杰,北京理工大学,16,1772676000000,1782660600000,1476753589,306,3003
1002533007,电子线路基础,王蓉,东南大学,42,1772676000000,1783697400000,1476733589,306,3003
1205698810,古代汉语(上),陈鸿,福建师范大学,46,1772762400000,1783695600000,1476733585,306,3005
1461514170,爵士乐演奏基础—布鲁斯音乐,王劲,四川音乐学院,22,1772762400000,1782835200000,1476728579,306,34001
1002916004,生物化学,葛振英,河南大学,18,1772672400000,1784129400000,1476739576,306,3008
1464040180,高分子合成工艺学,柴春鹏,北京理工大学,13,1772676000000,1783438200000,1476741563,306,3003
1205921805,社会心理学,童梅,西安交通大学,219,1772676000000,1782833400000,1476751567,306,3007
1003368017,生活中的社会学,童梅,西安交通大学,26,1772676000000,1782833400000,1476756553,306,3005
1472565173,光纤通信,周雪芳,杭州电子科技大学,26,1772676000000,1782833400000,1476741558,306,3003
1474450162,自我发现之旅：世界文学名篇解析,卢迎伏,四川大学,66,1772676000000,1781794800000,1476730574,306,3005
1002603073,中国近现代史纲要,王艳娟,浙江理工大学,847,1772762400000,1783179000000,1476756537,306,3005
1207499802,刑事诉讼法学,杨帆,广东外语外贸大学,14,1772589600000,1783870200000,1476741554,306,3005
1003366003,仪器分析,王瑞勇,郑州大学,20,1772676000000,1785252600000,1476746554,306,3003
1206626830,沟通与人生,刘平青,北京理工大学,192,1772503200000,1786375800000,1476733554,306,3004
1206676841,医学检验整合课程-临床检验报告的正确打开方式,谢轶,四川大学,58,1772676000000,1782833400000,1476736546,306,108001
1473657167,营销理论与实践,卢亭宇,西北工业大学,18,1772503200000,1788103800000,1476738547,306,3004
1449990181,外国文学经典导读,雷武锋,西北大学,20,1772676000000,1783697400000,1476737535,306,3005
1473684162,中医诊断学,于晓飞,滨州医学院,279,1772762400000,1782833400000,1476748552,306,3008
1465992167,信息安全数学基础,熊虎,电子科技大学,44,1772443800000,1782833400000,1476732556,306,108001
1449487166,钢琴即兴伴奏,蔡常青,广东外语外贸大学,56,1772676000000,1782748800000,1476733551,306,34001
1464291163,波谱学,马忠华,华中农业大学,63,1772589600000,1782833400000,1476732553,306,3003
1449945194,有机化学(上),卢忠林,北京师范大学,48,1772589600000,1783524600000,1476744539,306,3003
1461540169,营养学,李颖,哈尔滨医科大学,348,1772672400000,1783092600000,1476732551,306,3008
1206448846,交通工程学,王玉萍,西安建筑科技大学,33,1772676000000,1782833400000,1476744536,306,3003
1449795173,材料综合实验,陈秋龙,上海交通大学,9,1772503200000,1784561400000,1476739546,306,3003
1473584161,中药分析,原忠,沈阳药科大学,45,1772762400000,1783265400000,1476744533,306,3008
1470407184,蔬菜栽培学,师恺,浙江大学,57,1772762400000,1784302200000,1476741541,306,3003
1205999804,中国传统文化选讲,魏黎波,燕山大学,115,1772503200000,1778857200000,1476729545,306,3005
1456162166,果树栽培学总论,赵彩平,西北农林科技大学,68,1772762400000,1782833400000,1476732545,306,3003
1453208205,普通心理学,范文翼,滨州医学院,448,1772589600000,1784129400000,1476728530,306,3007
1002820007,人体结构功能与健康,张晓明,浙江大学,98,1772672400000,1783697400000,1476729540,306,3008
1207046801,Single Variable Calculus,张莹,西北工业大学,10,1772503200000,1782833400000,1476735551,306,3003
1450725232,科技葡萄牙语,祝明姗,北京交通大学,7,1772589600000,1784129400000,1476752539,306,108001
1205772806,通用学术英语进阶,张敬源,北京科技大学,946,1772503200000,1782055800000,1476744528,306,2002
1002534008,中国文化英语讲,马新,东北大学,23,1772503200000,1782833400000,1476748539,306,2002
1473663163,基础韩语I,吴仙花,复旦大学,550,1772589600000,1781969400000,1476751526,306,108001
1466020167,大学英语技能—口语,邱瑜毅,浙江财经大学,7,1772676000000,1782660600000,1476755542,306,108001
1206146808,深度学习应用开发-TensorFlow实践,吴明晖,浙大城市学院,45,1772433000000,1782833400000,1476750535,306,3002
1003542001,创新创业管理,孟凡臣,北京理工大学,38,1772676000000,1780241400000,1476753527,306,56001
1206873802,大学化学,贺欢,北京理工大学,28,1772438400000,1783265400000,1476734518,306,3003
1206610804,家庭社会工作,银平均,江西财经大学,40,1772589600000,1783697400000,1476755531,306,3005
1205935801,看不见的影响力：社会心理学,程玲,华中师范大学,47,1772676000000,1783524600000,1476742516,306,3005
1205915814,生理学（上）,王世强,北京大学,77,1772762400000,1782315000000,1476727519,306,3003
1471291161,水污染控制工程,吴小宁,西安工业大学,33,1772589600000,1784129400000,1476756509,306,3003
1457864177,物理化学实验,田福平,大连理工大学,13,1772762400000,1782833400000,1476732518,306,3003
1473676164,大学物理,徐春龙,长安大学,1206,1772758800000,1783006200000,1476727506,306,3003
1471756163,能源与碳中和系统工程,王科,北京理工大学,114,1772416800000,1784561400000,1476723511,306,3004
1206706849,建筑构造原理与设计,赵敬辛,南阳理工学院,111,1772416800000,1783265400000,1476738464,306,3003
1206688836,通信原理,杨蕾,中原工学院,111,1772416800000,1783697400000,1476723463,306,3003
1472838174,电机学,林伟杰,杭州电子科技大学,11,1772503200000,1783265400000,1476735458,306,3003
1003370001,急危重症护理学,马玲,郑州大学,11,1772758800000,1784993400000,1476752469,306,3008
1474450167,中国古代文学,黄卓颖,南京师范大学,21,1772676000000,1784127600000,1476737462,306,3005
1465893162,结构力学（下）,吴耀鹏,西安建筑科技大学,14,1772416800000,1782833400000,1476749466,306,126001
1469497163,内部控制学,黄艳艳,金陵科技学院,19,1772503200000,1781969400000,1476737460,306,3004
1461554161,机器视觉技术与应用,李竹,杭州电子科技大学,40,1772676000000,1783697400000,1476750461,306,126001
1207125823,工程力学,夏冬生,大连海事大学,298,1772244000000,1784302200000,1476738448,306,56001
1205885806,趣味符号学,胡易容,四川大学,26,1772589600000,1784127600000,1476745452,306,3005
1463664167,土木类创新拓展训练,沈扬,河海大学,4,1772323200000,1780243200000,1476750449,306,126001
1449558164,社会救助,王锴,河海大学,23,1772416800000,1783870200000,1476753447,306,3005
1001755149,水工建筑物,顾冲时,河海大学,34,1772762400000,1782833400000,1476750447,306,126001
1207114803,宏观经济学,王保乾,河海大学,20,1772323200000,1782748800000,1476754442,306,3004
1206727802,现代工程图学,田辉,河南农业大学,12,1772503200000,1784129400000,1476722444,306,126001
1461082169,公司金融,张群姿,山东大学,26,1772416800000,1783697400000,1476740442,306,3004
1465598165,材料性能学,陈建清,河海大学,16,1772416800000,1785511800000,1476709444,306,126001
1450317378,游戏引擎原理及应用,韩红雷,中国传媒大学,263,1772323200000,1780327800000,1476683443,306,3002
1461296162,影像解剖学,彭新桂,东南大学,30,1772758800000,1783524600000,1476678477,306,3008
1461291162,放射诊断学,居胜红,东南大学,8,1772758800000,1783524600000,1476677474,306,3008
1471750164,人工智能与计算科学,薛静锋,北京理工大学,87,1772409600000,1783265400000,1476673446,306,126001
1449654161,生物化学与分子生物学,颜景芝,徐州医科大学,39,1772586000000,1783697400000,1476649454,306,3008
1002744004,计算机网络实验,张力军,北京航空航天大学,53,1772409600000,1782833400000,1476664442,306,3002
1470426172,物理化学实验,朱莉娜,天津大学,42,1772330400000,1782833400000,1476538442,306,126001
1206660803,英语国家概况,刘政,江西师范大学,40,1772676000000,1782833400000,1476483460,306,2002
1003788007,口腔组织病理学,王霞,滨州医学院,90,1771812000000,1783870200000,1476506458,306,3008
1206506805,微生物学实验,郝晓冉,北京师范大学,74,1772071200000,1785511800000,1476500458,306,126001
1470427187,化学教学论,邓峰,华南师范大学,126,1772701200000,1783697400000,1476744592,306,3003
1002534006,钢结构设计原理,贺拥军,湖南大学,4,1772762400000,1782833400000,1476729583,306,3003
1464118175,花卉学,姜贝贝,四川农业大学,12,1772762400000,1783870200000,1476745583,306,3003
1449257161,人兽共患病与人类健康,吴晓平,福建农林大学,7,1772762400000,1781537400000,1476749558,306,3003
1461797178,分子光谱与成像,王伟,南京大学,22,1772676000000,1782833400000,1476750559,306,3003
1001795015,工程力学,唐克东,华北水利水电大学,4,1772589600000,1782833400000,1476744552,306,3003
1471171186,海洋油气腐蚀与防护,张智,西南石油大学,85,1772589600000,1778427000000,1476728558,306,3003
1468545161,微生物学,辜运富,四川农业大学,13,1772762400000,1783870200000,1476745553,306,3003
1206528801,材料成形技术基础,张琦,西安交通大学,117,1772676000000,1780241400000,1476747545,306,3003
1206356803,船舶设计原理,解德,华中科技大学,39,1772676000000,1779723000000,1476731511,306,3003
1003380007,有机化学——结构·反应·机理·合成,王微宏,中南大学,65,1772330400000,1782833400000,1476749513,306,3003
1207420807,普通化学原理（定量分析基础）,李银环,西安交通大学,20,1772416800000,1783265400000,1476723524,306,3003
1003538122,有机化学实验I,刘路,华东师范大学,33,1772503200000,1780241400000,1476740522,306,3003
1003367011,大学化学实验,张丽丹,北京化工大学,196,1772330400000,1784129400000,1476742504,306,3003
1207232804,固体物理学,李丹,北京交通大学,76,1772413200000,1780327800000,1476744504,306,3003
1206703839,电磁场与波,叶齐政,华中科技大学,214,1772416800000,1783697400000,1476753512,306,3003
1206526802,大学物理（下）,白晓军,西北工业大学,19,1772758800000,1783697400000,1476739505,306,3003
1207120813,大学物理（上）,白晓军,西北工业大学,64,1772758800000,1783697400000,1476732506,306,3003
1002087008,冶金资源综合利用与环境保护,孙丽枫,东北大学,127,1772676000000,1780155000000,1476745499,306,3003
1206459805,机械原理及设计,郭卫东,北京航空航天大学,39,1772416800000,1782833400000,1476722502,306,3003
1463199167,电介质物理,徐卓,西安交通大学,28,1772416800000,1784647800000,1476751484,306,3003
1003718001,地球信息科学与空间技术,赖日文,福建农林大学,2,1772762400000,1781969400000,1476739481,306,3003
1206696838,工程水文学,康玲,华中科技大学,185,1772416800000,1781105400000,1476722487,306,3003
1206502809,制冷与低温技术原理,厉彦忠,西安交通大学,57,1772416800000,1785425400000,1476722485,306,3003
1207106807,锅炉原理,车得福,西安交通大学,114,1772416800000,1782833400000,1476742472,306,3003
1003740001,形象思维与工程语言（含工程图学）,杨培中,上海交通大学,30,1772589600000,1777649400000,1476735481,306,3003
1207176812,动物解剖及组织胚胎学,陈正礼,四川农业大学,66,1772416800000,1782833400000,1476754469,306,3003
1450328379,游戏开发程序设计基础,韩红雷,中国传媒大学,86,1772323200000,1780327800000,1476696441,306,3002
1003379015,信息安全数学基础,陈恭亮,上海交通大学,211,1772413200000,1779634800000,1476505441,306,3002
1461782176,数据挖掘,丁兆云,国防科技大学,239,1772154000000,1785510000000,1476749455,306,56001
1205809816,计算机硬件系统设计,谭志虎,华中科技大学,246,1772323200000,1784302200000,1476677473,306,3002
1002837013,软硬件综合设计,薄钧戈,西安交通大学,17,1772409600000,1783697400000,1476585464,306,3002
1003718005,Java核心技术(进阶),陈良育,华东师范大学,33,1772755200000,1782055800000,1476588468,306,114001
1452634174,大数据与法律检索,黄文旭,湖南师范大学,319,1772676000000,1785511800000,1476756559,306,3005
298002,数据结构,耿国华,西北大学,53,1772582400000,1781969400000,1476748482,306,3002
1001527001,计算机组成原理（下）,刘宏伟,哈尔滨工业大学,155,1772413200000,1782831600000,1476586446,306,3002
309001,计算机组成原理（上）,刘宏伟,哈尔滨工业大学,352,1772413200000,1782831600000,1476590444,306,3002
1002127001,大学计算机--Python算法实践,李金双,东北大学,17,1773018000000,1780932600000,1476737566,306,3002
1001765003,计算机控制系统,关守平,东北大学,285,1773018000000,1780155000000,1476314457,306,3002
1002607070,嵌入式软件设计,赖晓晨,大连理工大学,72,1772409600000,1780068600000,1476749478,306,3002
1003039003,计算机网络系统,傅翀,电子科技大学,69,1772413200000,1782831600000,1476578462,306,3002
494001,C++程序设计,魏英,西北工业大学,598,1772413200000,1780844400000,1476575457,306,3002
1205813837,网站设计与开发,杨选辉,南昌大学,137,1772416800000,1782660600000,1476592446,306,3002
1002249011,计算机组成原理,姜琳颖,东北大学,77,1772409600000,1783265400000,1476576448,306,3002
1001766004,生物大数据,何华勤,福建农林大学,117,1771812000000,1782142200000,1476385441,306,3002
1001511011,数据库技术及应用,李雁翎,东北师范大学,17,1773018000000,1783351800000,1476745578,306,3002
1207124814,大数据技术及应用,李雁翎,东北师范大学,11,1773018000000,1783351800000,1476746572,306,3002
1002080018,微机原理与接口技术,戴胜华,北京交通大学,16,1773021600000,1783697400000,1476728552,306,3002
1001850005,计算机组织与结构,赖晓晨,大连理工大学,20,1773014400000,1783265400000,1476742471,306,3002
1205776807,App Inventor-零基础Android移动应用开发,吴明晖,浙大城市学院,74,1772409600000,1783351800000,1476674453,306,3002
1003535158,数字图像处理,郭志强,武汉理工大学,139,1772503200000,1780673400000,1476583459,306,3002
1460600161,大数据导论（通识课版）,林子雨,厦门大学,170,1772409600000,1780241400000,1476477454,306,3002
1205696807,Python编程基础,王恺,南开大学,1727,1772928000000,1782660600000,1476740515,306,3002
359002,计算机原理,唐玉华,国防科技大学,54,1773100800000,1786203000000,1476740476,306,3002
1205702808,数据库与商业智能,石嘉明,北京语言大学,25,1772409600000,1782660600000,1476476461,306,3002
1003118004,Python 语言程序设计,王小银,西安邮电大学,154,1772409600000,1782919800000,1476733450,306,3002
236004,C程序设计,姜学锋,西北工业大学,525,1772409600000,1780846200000,1476499460,306,3002
1001796013,计算机组成原理,王辉,河南科技大学,8,1773014400000,1783697400000,1476675473,306,3002
1205704804,C/C++程序设计,高枚,同济大学,176,1772409600000,1783351800000,1476584451,306,114001
1001755037,计算机网络基础及应用,丁晟春,南京理工大学,125,1772332200000,1781969400000,1476739450,306,3002
1002123005,高级语言程序设计,高克宁,东北大学,701,1772323200000,1784993400000,1476653451,306,3002
62001,高级语言程序设计,张长海,吉林大学,63,1772323200000,1781537400000,1476506441,306,3002
1001948002,C语言程序设计,朱鸣华,大连理工大学,460,1772323200000,1782833400000,1476426444,306,3002
1001639008,网络技术与应用,杨庚,南京邮电大学,1744,1772323200000,1781451000000,1476411443,306,3002
1002475002,科学计算与MATLAB语言,刘卫国,中南大学,393,1772409600000,1782660600000,1476667458,306,114001
1001516002,数据库系统（上）：模型与语言,战德臣,哈尔滨工业大学,1523,1772413200000,1782831600000,1476447443,306,3002
1002525004,离散数学概论,陈斌,北京大学,292,1772672400000,1782399600000,1476748466,306,3002
1206674825,模式识别与机器学习,于元隆,福州大学,93,1771977600000,1784993400000,1476681450,306,3002
1001936007,VB.NET程序设计,张晓芳,华中科技大学,4041,1676858400000,1687707000000,1470036447,306,3002
1205806833,深度学习及其应用,赵卫东,复旦大学,2315,1772323200000,1784561400000,1476506471,306,3002
1003159001,计算机组成原理,秦磊华,华中科技大学,1110,1770681600000,1784388600000,1476587447,306,3002
1001941004,Java程序设计,唐大仕,北京大学,1600,1772409600000,1782833400000,1476491451,306,114001
1001578001,数据库系统（下）：管理与技术,战德臣,哈尔滨工业大学,433,1772413200000,1782831600000,1476473442,306,3002
1002576003,离散结构,袁景凌,武汉理工大学,745,1771804800000,1782660600000,1476479458,306,3002
1003564002,C++程序设计（面向对象进阶）,崔毅东,北京邮电大学,208,1771808400000,1782315000000,1476287448,306,3002
1206320802,深度学习基础,刘远超,哈尔滨工业大学,536,1772413200000,1782831600000,1476484443,306,3002
1003110002,C语言程序设计,王春梅,西安邮电大学,246,1771804800000,1783697400000,1476539441,306,3002
1207524802,会计学原理,郭雪萌,北京交通大学,131,1772762400000,1782660600000,1476722561,306,3004
1207548806,数据思维,胡广伟,南京大学,81,1772589600000,1785511800000,1476744541,306,3004
1003616003,人人应该知道的社会保障,刘钧,中央财经大学,34,1772676000000,1782833400000,1476737511,306,3004
1205699812,电子政务与数字治理,郑磊,复旦大学,20,1772503200000,1782833400000,1476753526,306,3004
1463240168,国土空间规划,吴宇哲,浙江大学,129,1772503200000,1784388600000,1476748491,306,3004
1464108175,档案学基础,王玉珏,武汉大学,116,1772416800000,1783265400000,1476736489,306,3004
1466039166,现代物流管理概论,周兴建,武汉纺织大学,82,1772416800000,1784475000000,1476742484,306,3004
1463153162,电子商务系统分析与设计,韩水华,厦门大学,51,1772416800000,1785511800000,1476743464,306,3004
1460725165,中级微观经济学,叶建亮,浙江大学,116,1772330400000,1783092600000,1476740472,306,3004
1470423185,金融风险管理——量化投资视角,陈创练,暨南大学,147,1771984800000,1784129400000,1476730466,306,3004
1207172805,中国对外贸易,张秋菊,上海对外经贸大学,36,1772416800000,1782833400000,1476754458,306,3004
1205927803,保险科技,许闲,复旦大学,49,1772071200000,1782401400000,1476744441,306,3004
1205718808,国际金融学,张礼卿,中央财经大学,58,1772416800000,1783870200000,1476738441,306,3004
1461783172,Principles of Microeconomics,李洋,上海外国语大学,10,1772539200000,1780241400000,1476668460,306,3004
1463179166,旅游接待业,罗伟,武汉轻工大学,16,1772589600000,1783870200000,1476645444,306,3004
1207171810,政治经济学,杨勇,江西财经大学,62,1772416800000,1782833400000,1476584443,306,3004
1460679168,公共财政管理,文峰,西南财经大学,12,1772330400000,1784129400000,1476567445,306,3004
1206308832,ERP原理与应用,李吉梅,北京语言大学,74,1772416800000,1783697400000,1476565444,306,3004
1458835163,创业管理,逄健,西南石油大学,283,1772676000000,1778859000000,1476482479,306,3004
1460673166,中国会计准则（全英文）,李宁,江西财经大学,29,1772330400000,1782919800000,1476496476,306,3004
1002246014,创新创业学,兰小毅,西安工业大学,503,1772416800000,1782833400000,1476504470,306,56001
1461186176,北京味道,姜慧,北京联合大学,9,1772762400000,1784388600000,1476504468,306,3004
1003437002,有用的统计学,刘扬,中央财经大学,39,1772503200000,1782833400000,1476487443,306,3004
1206424802,会计学,刘艳萍,大连理工大学,30,1772416800000,1783265400000,1476415449,306,3004
1207110801,社会保障概论,孙中艮,河海大学,145,1745366400000,1751297400000,1474594443,306,3004
1207395808,投资学原理与中国市场实践,张溪娜,上海财经大学,197,1772676000000,1783697400000,1476756511,306,3004
1460627161,电子政务,王周明,青岛大学,94,1772416800000,1782055800000,1476750475,306,3004
1207179807,公司战略与风险管理,贺远琼,华中科技大学,94,1772416800000,1783697400000,1476756463,306,3004
1002126003,救护与救援,魏勇生,福建农林大学,83,1772330400000,1780846200000,1476742455,306,3008
1207053804,会计简史,宋丽梦,中南财经政法大学,167,1772416800000,1784129400000,1476750462,306,3004
1450170232,国际税收,张伦伦,西南财经大学,30,1772416800000,1782660600000,1476753457,306,3004
1206675853,金融衍生品,王军,四川大学,24,1772676000000,1782833400000,1476734442,306,3004
1206521802,国际贸易学,毕玉江,上海立信会计金融学院,35,1772416800000,1781278200000,1476565449,306,3004
1002920014,文化遗产与自然遗产,李江敏,中国地质大学（武汉）,356,1772157600000,1780327800000,1476478447,306,3004
1450189229,数据可视化,周凡吟,西南财经大学,48,1772416800000,1782833400000,1476484442,306,3004
1002916012,酒店管理原理,魏卫,华南理工大学,38,1772676000000,1784388600000,1476740598,306,3004
1471592167,酒店管理实务,肖晓,成都理工大学,19,1772676000000,1784388600000,1476744571,306,3004
1207132805,运筹学,谢逢洁,西安邮电大学,44,1772676000000,1784561400000,1476746574,306,3004
1206648804,创业融资,沈俊,武汉理工大学,20,1772589600000,1782833400000,1476750556,306,3004
1472842171,中级财务会计学,张心灵,内蒙古农业大学,61,1772589600000,1785511800000,1476746558,306,3004
1461168183,社会创业:新的影响力,钟慧,西南财经大学,4,1772503200000,1782833400000,1476729552,306,3004
1206352801,保险学,陈迪红,湖南大学,25,1772416800000,1783092600000,1476754517,306,3004
1002031014,信息素养：效率提升与终身学习的新引擎,周建芳,四川师范大学,1249,1772416800000,1783265400000,1476737481,306,30001
1002339008,风险投资与创业融资,尹宇明,电子科技大学,54,1772416800000,1782833400000,1476722469,306,56001
1003461001,国际贸易实务,沈克华,上海对外经贸大学,698,1772416800000,1782833400000,1476731452,306,3004
1002327019,创新管理,郑刚,浙江大学,132,1772416800000,1782833400000,1476653449,306,56001
1001615004,大学英语（口语）CAP,彭天笑,国防科技大学,315115,1548036000000,1556551800000,1003965010,306,2002
,,,,,,,,301,30001
1450297345,英语话中华,陈伟,山东大学,54,1772416800000,1783092600000,1476650442,306,2002
1207535805,汉语精读,姚远,上海外国语大学,72,1772416800000,1780066800000,1476598446,306,3005
1205986812,Academic English Writing （学术英语写作）,张莱湘,北京理工大学,7,1772935200000,1783265400000,1476738525,306,2002
1456111166,直通法国—阅读与文化,段丽君,青岛大学,18,1772416800000,1783092600000,1476689441,306,30001
1206450819,大学法语与法国文化,左天梦,西南交通大学,59,1772416800000,1782833400000,1476674467,306,30001
1002922010,英语听力技能与实践,张志江,集美大学,597,1772416800000,1780846200000,1476527441,306,2002
1002337008,航海英语听力与会话,王海华,大连海事大学,218,1772416800000,1782833400000,1476469443,306,2002
1003017007,西班牙文学选读,蔡潇洁,首都师范大学,82,1772416800000,1781451000000,1476744450,306,30001
1003781004,英语科技文献阅读,赵毓琴,哈尔滨工业大学,56,1772416800000,1778427000000,1476582445,306,2002
1207167810,体育综合英语1,刘力瑜,东北大学,15,1772935200000,1782487800000,1476728550,306,2002
1001962002,全球化与中国文化,王俊棋,西南交通大学,33,1773021600000,1779721200000,1476756528,306,2002
1207561803,英语特写采访与写作,林岩,上海外国语大学,3,1772848800000,1783438200000,1476728527,306,2002
1205798829,研究生英语科技论文写作,卢超,北京科技大学,437,1773021600000,1782055800000,1476749526,306,2002
1455015175,笔译技巧与实践（MTI）,陈争峰,西安电子科技大学,90,1773021600000,1782142200000,1476741538,306,2002
1002981005,英语畅谈中国,王志茹,湖北大学,152,1773021600000,1782574200000,1476755543,306,2002
1001745011,新科学家英语：演讲与写作,李雪,哈尔滨工业大学,38,1773021600000,1780673400000,1476740537,306,2002
1205774809,大学英语进阶,张敬源,北京科技大学,786,1772503200000,1782055800000,1476754530,306,2002
1205722812,商务英语,陈娴,北京交通大学,332,1772416800000,1780846200000,1476731455,306,2002
1003248004,大学英语综合教程（中级）,胡素芬,华中农业大学,22,1772416800000,1782660600000,1476485445,306,2002
1003453003,英国诺奖作家经典赏析,张龙海,厦门大学,10,1773021600000,1784647800000,1476740575,306,2002
1002608044,美国诺奖作家经典赏析,张龙海,厦门大学,11,1773021600000,1784647800000,1476727570,306,2002
1449498163,英美文学入门,吴其尧,上海外国语大学,35,1773108000000,1784302200000,1476742535,306,2002
1207454802,英汉交替传译,张金玲,东北大学,22,1773021600000,1780241400000,1476722536,306,2002
1207170807,综合日语入门,王慧荣,山东大学,432,1773021600000,1781105400000,1476493446,306,30001
1206182801,中级综合英语,付天英,北京交通大学,39,1772416800000,1780846200000,1476665483,306,2002
1001664002,学术交流英语,陈美华,东南大学,985,1772416800000,1782055800000,1476648446,306,2002
1206619849,德语语言学导论,王京平,中国海洋大学,50,1772416800000,1783351800000,1476589452,306,2002
1003444005,法国语言文化入门,杜燕,上海交通大学,203,1772503200000,1782833400000,1476587458,306,30001
1205723812,中级西班牙语I,梁静,北京交通大学,81,1772416800000,1782833400000,1476478448,306,30001
1003539074,学术英语写作,万伟珊,北京工业大学,90,1772416800000,1779723000000,1476500442,306,2002
1207422804,通用学术英语听说,王坚,云南大学,35,1773021600000,1782055800000,1476755574,306,2002
1450851188,通用英语（三）,陈万庆,西安电子科技大学,22,1773021600000,1781451000000,1476734524,306,2002
1206984801,中英文科技论文写作,张尧立,厦门大学,16,1773021600000,1781451000000,1476756519,306,2002
1206423806,英语演讲与演示,张宏岩,北京大学,66,1773108000000,1780155000000,1476748541,306,2002
1205841810,工科学术英语读写与交流,张尚莲,河北工业大学,10,1773021600000,1782747000000,1476722535,306,2002
1002083024,跨文化交流,赵越,东北大学,2,1773108000000,1782833400000,1476756516,306,2002
1001639001,英语语言学概论,董革非,东北大学,15,1773108000000,1782833400000,1476722534,306,2002
1206607804,大学英语1,袁平华,华东交通大学,16,1772935200000,1781623800000,1476739444,306,2002
1206603804,大学英语2,袁平华,华东交通大学,6,1772935200000,1781623800000,1476734445,306,2002
1001822002,商务英语,袁奇,中南财经政法大学,759,1773108000000,1779204600000,1476498480,306,2002
1207049807,《论语》英译鉴赏,辛志英,厦门大学,21,1773021600000,1781451000000,1476466452,306,2002
1449775174,英文期刊论文发表-通往国际学术舞台的阶梯,顾晓乐,哈尔滨工业大学,47,1772416800000,1782833400000,1476733458,306,2002
1205722809,高级综合英语,任苒,北京交通大学,1827,1772416800000,1780846200000,1476745456,306,2002
1003353002,思辨式英文写作,唐磊,南开大学,257,1772416800000,1782747000000,1476672462,306,2002
1207394812,中西文化对比与交流,傅晓燕,中南大学,327,1772416800000,1781537400000,1476490455,306,2002
1206352804,基础英语写作,张曼君,中国科学技术大学,98,1772416800000,1782833400000,1476402451,306,2002
1206447838,综合商务英语,孙亚,对外经济贸易大学,35,1773021600000,1782833400000,1476741542,306,2002
1003499002,俄罗斯文化之旅,徐琪,厦门大学,34,1773108000000,1782833400000,1476753545,306,30001
210002,美国文化,周毅,四川大学,42,1773108000000,1781883000000,1476746538,306,2002
1206876802,职业发展英语,李雪,哈尔滨工业大学,103,1773021600000,1780673400000,1476729535,306,2002
1003381008,新闻英语,李丽君,中南大学,415,1772330400000,1781537400000,1476755461,306,2002
1464106185,播音主持普通话语音,徐树华,中国传媒大学,263,1772762400000,1784822400000,1476724466,306,30001
1205891822,微电影创作,郭艳梅,华侨大学,122,1772416800000,1783008000000,1476722459,306,34001
1460840162,中国民族音乐,朱梅梵,武汉理工大学,15,1772762400000,1782403200000,1476545446,306,34001
1003769001,游戏心理学,陈京炜,中国传媒大学,147,1772413200000,1783267200000,1476536444,306,34001
1474341171,艺术导论,王杰红,武汉大学,155,1772677800000,1783353600000,1476092447,306,34001
1461556164,时装绘画基础,周伟,浙江理工大学,96,1772416800000,1784476800000,1476724463,306,34001
1471185178,“万物皆可”打——西洋打击乐艺术赏析,吕方格,山东大学,35,1772431200000,1784044800000,1476713441,306,34001
1206313824,人机工程学,张祖耀,浙江理工大学,53,1772416800000,1783612800000,1476449448,306,34001
1473164171,电视新闻播音主持,仲梓源,中国传媒大学,139,1772503200000,1791820800000,1476738537,306,34001
1002080012,体育舞蹈与文化,刘君,大连理工大学,92,1772416800000,1780588800000,1476753464,306,34001
1461554163,工业设计手绘,夏芒,浙江理工大学,48,1772416800000,1786291200000,1476742452,306,34001
1471946192,服饰文化,张海晨,金陵科技学院,74,1772589600000,1782748800000,1476684443,306,34001
1001759006,服装立体裁剪,匡才远,金陵科技学院,155,1772330400000,1784131200000,1476701443,306,34001
1461391163,平面构成,张萍萍,南昌理工学院,158,1770253200000,1783008000000,1476668454,306,34001
1205910806,中国电影艺术简史,袁庆丰,中国传媒大学,69,1772416800000,1782057600000,1476645446,306,30001
1002530012,音乐鉴赏,方小笛,西安交通大学,34,1773021600000,1780848000000,1476730613,306,34001
1463202161,视觉人文,李健,南京大学,22,1773021600000,1781971200000,1476724582,306,34001
1461791164,中国画学·实验性水墨画的品质与表现,花俊,中国美术学院,32,1773021600000,1782057600000,1476753567,306,30001
1472565172,东方电影名片鉴赏,黄献文,武汉大学,16,1773021600000,1781452800000,1476752554,306,34001
1002330003,设计之美,王妍,哈尔滨工业大学,71,1773021600000,1778947200000,1476742508,306,34001
1449391163,民族舞蹈技术技巧,马云霞,中央民族大学,286,1772586000000,1784390400000,1476733552,306,34001
1207105804,动态图形设计,李潇,金陵科技学院,51,1772416800000,1785427200000,1476688442,306,34001
1206145811,摄像基础,余水香,湖南理工学院,36,1773021600000,1783872000000,1476755583,306,30001
1001981016,服务设计与商业模式,胡莹,湖南大学,31,1773108000000,1782748800000,1476753592,306,34001
1206460815,器乐-扬琴,史 玥,首都师范大学,24,1773021600000,1783008000000,1476737554,306,30001
1460756165,中国民族女高音作品演唱与赏析,周菡,江西财经大学,11,1773021600000,1780848000000,1476736543,306,34001
1003242020,中国二胡作品赏析,孙博,东北大学,5,1773108000000,1783526400000,1476728543,306,34001
1470430183,美术教育学,尹少淳,首都师范大学,25,1773799200000,1788105600000,1476746548,306,34001
1206308823,零基础学竖笛（木笛）,黄雪颖,四川音乐学院,60,1773021600000,1783267200000,1476745559,306,30001
1207054811,传统雕塑,罗瑾,景德镇陶瓷大学,92,1772416800000,1782576000000,1476732449,306,30001
1464519165,艺术经纬：面料设计与织造工艺,娄琳,浙江理工大学,65,1772416800000,1783612800000,1476699442,306,34001
1002535004,历代青花画法,陈殿,北京师范大学,101,1772413200000,1784044800000,1476664446,306,30001
1461612164,中国古典舞身韵教学法,黄卓,四川音乐学院,152,1772413200000,1783267200000,1476565455,306,34001
1206064807,流行歌曲演唱,龚向阳,武汉理工大学,669,1772416800000,1780761600000,1476580459,306,34001
1471418161,古陶瓷修复,刘晓玉,景德镇陶瓷大学,33,1772416800000,1783353600000,1476528449,306,34001
1205762811,数字摄影技术与艺术,蒲和平,西南石油大学,24,1772416800000,1783958400000,1476556443,306,34001
1001933004,书法课堂,朱利,东北大学,231,1773108000000,1779206400000,1476722580,306,34001
1003625001,纪录片制作,张同道,北京师范大学,39,1773108000000,1786636800000,1476752575,306,30001
1002580007,创意逐格动画,杨艳君,华中农业大学,35,1773021600000,1783267200000,1476729578,306,34001
1473671163,钢琴技术的内在工程,范文慈	,山东大学,16,1772931600000,1781452800000,1476745565,306,34001
1449546161,沙海丹青—西域壁画的前世今生,姚榕华,山东大学,15,1773021600000,1784217600000,1476735559,306,34001
1206458821,三维动画基础,彭国华,陕西科技大学,23,1773021600000,1782835200000,1476735532,306,114001
1206686830,楷书艺术,黄鸿琼,泉州师范学院,41,1773021600000,1783872000000,1476740452,306,34001
1206450816,服装画技法,江山,北京联合大学,157,1773021600000,1781193600000,1476541453,306,30001
1461576161,基础设计,林璐,浙江理工大学,26,1773021600000,1784044800000,1475973483,306,34001
1454047177,外国电影经典影片鉴赏,周星,北京师范大学,88,1772416800000,1783612800000,1476722460,306,34001
1003257002,中国电影经典影片鉴赏,周星,北京师范大学,241,1772416800000,1783612800000,1476739455,306,34001
1471823170,普通话语音艺术,崔倩倩,河海大学,30,1772330400000,1782831600000,1476696442,306,34001
1002839011,形体美学,习英,福建师范大学,229,1772413200000,1782576000000,1476645445,306,34001
1462100165,戏剧表演艺术十二讲,宋丽博,中央戏剧学院,265,1772416800000,1785513600000,1476570471,306,34001
1206303842,数码摄影后期校色,于太罡,四川音乐学院,233,1772416800000,1780848000000,1476526447,306,30001
1458138164,玩具设计,冯亚娟,河海大学,64,1772409600000,1783265400000,1476526445,306,34001
1461994161,3ds max三维设计,上官大堰,北京林业大学,65,1773280800000,1786896000000,1476728599,306,30001
1461532168,数字雕塑基础,张盛,四川音乐学院,64,1773194400000,1781020800000,1476745593,306,34001
1003201003,外国民族音乐,王州,福建师范大学,33,1773190800000,1783612800000,1476730573,306,34001
1463199166,抑郁症的心理辅导,张荣华,武汉大学,552,1772762400000,1785511800000,1476675472,306,3007
1205898801,压力与情绪管理,杨鑫,四川大学,210,1772676000000,1782833400000,1476728447,306,3007
1002883003,大学生心理健康,林敏,厦门大学,133,1772418600000,1783092600000,1476557443,306,3007
1461602168,运动心理学,王小春,上海体育大学,44,1773021600000,1782142200000,1476745581,306,3007
1458703164,心理学基础,倪晓莉,西安交通大学,88,1773021600000,1785425400000,1476729559,306,3007
1472829161,教育心理学,袁书卷,陕西理工大学,162,1772416800000,1784129400000,1476598467,306,3007
1206454819,心理学工作伦理与督导,田瑞琪,西南交通大学,115,1772420400000,1783697400000,1476482481,306,3007
1002939001,心理发展与个体成长——发展心理学,任金杰,通化师范学院,71,1772420400000,1781796600000,1476476458,306,3007
1003779011,生理心理学,徐娜,滨州医学院,110,1772416800000,1782833400000,1476426448,306,3007
1472683169,人际交往与情商训练,张晓文,武汉理工大学,595,1772416800000,1781537400000,1476415459,306,3007
1206460812,设计心理学：体验与创意,冯缙,西南交通大学,12,1773021600000,1782919800000,1476736549,306,3007
1003016011,人格心理学,师保国,首都师范大学,428,1773021600000,1784043000000,1476743531,306,3007
1207057808,心理统计与SPSS,孟迎芳,福建师范大学,93,1773108000000,1784820600000,1476738551,306,114001
1463180166,异常心理与危机干预,张学伟,西南交通大学,58,1773021600000,1782919800000,1476748561,306,3007
1206624828,发展心理学,苏彦捷,北京大学,1673,1772503200000,1783697400000,1476731528,306,3007
1207477804,心理咨询理论和技术,马淑琴,西南交通大学,150,1772416800000,1785511800000,1476677477,306,3007
1206450822,你、我，我们——人际交往心理学,孙惠君,北京联合大学,203,1772380800000,1782662400000,1476445446,306,3007
1001573001,心理学与生活,陈昌凯,南京大学,1484,1773194400000,1782144000000,1476747540,306,3007
1473646163,微生物学,李景梅,长春理工大学,110,1772416800000,1783697400000,1476657450,306,3007
1207048816,实验心理学,陈彩琦,华南师范大学,466,1772416800000,1785511800000,1476654448,306,3007
93002,当代青年心理学（二）青年身心发展篇,宁维卫,西南交通大学,643,1772416800000,1779895800000,1476624441,306,3007
1471800161,恋爱心理学,胡乃岩,浙江工商大学,94,1772418600000,1782833400000,1476581470,306,3007
1003545121,音乐心理学,蒋存梅,上海师范大学,439,1772416800000,1782833400000,1476553446,306,3007
1002186003,婚恋-职场-人格,张晓文,武汉理工大学,1330,1772416800000,1781969400000,1476424453,306,3007
1002552002,爱情心理学,张晓文,武汉理工大学,1557,1772416800000,1781537400000,1476420452,306,3007
1206450817,教育心理学,牟书,北京联合大学,286,1773108000000,1782833400000,1476735566,306,3007
1207558803,咨询心理学,陈幼平,西南科技大学,75,1773021600000,1782833400000,1476539443,306,3007
1205897802,大学生心理学,苑媛,中央财经大学,61,1772157600000,1782833400000,1476659458,306,3007
1206493811,发展与教育心理学,何立群,西南交通大学,195,1772416800000,1784388600000,1476582442,306,3007
1206448817,幸福心理学,雷鸣,西南交通大学,663,1772071200000,1783697400000,1476523445,306,3007
1462050164,心身疾病预防与心理调节,奚耕思,陕西师范大学,238,1772071200000,1781105400000,1476501458,306,3007
1206504809,实验心理学：学会研究身边的现象,冉俐雯,西南交通大学,20,1773626400000,1784388600000,1476748455,306,3007
1461522173,心理统计学,陈启山,华南师范大学,114,1773799200000,1784388600000,1476756452,306,3007
1002587003,探索心理学,宁维卫,西南交通大学,478,1772416800000,1779895800000,1476444441,306,3007
1470417183,教育心理学,刘儒德,北京师范大学,3145,1772416800000,1783092600000,1476429443,306,3007
1207058807,发展与教育心理学,连榕,福建师范大学,105,1772416800000,1784907000000,1476659466,306,3007
1003410001,犯罪心理学,刘建清,中国政法大学,1046,1772416800000,1781796600000,1476578447,306,3007
1461514169,儿童发展心理学,吴南,北京联合大学,286,1772762400000,1782487800000,1476491445,306,3007
1207039821,心理学,刘学兰,华南师范大学,323,1772416800000,1783697400000,1476678475,306,3007
1206462812,心理健康传播与普及,雷鸣,西南交通大学,77,1772071200000,1781278200000,1476475497,306,3007
1002124005,心理学：我知无不言，它妙不可言,田媛,华中师范大学,2098,1773021600000,1782833400000,1476502452,306,3007
1461588171,E-Prime实验设计技术,曾祥炎,华南师范大学,121,1772416800000,1782055800000,1476565467,306,3007
1461542169,医学心理学,官锐园,北京大学,323,1773626400000,1781537400000,1476585452,306,3007
1002032006,生活心理学,裴秋宇,哈尔滨工业大学,52500,1636509600000,1646839800000,1466128441,306,3007
1001515007,沟通心理学,裴秋宇,哈尔滨工业大学,195010,1632535200000,1642779000000,1465509464,306,3007
1002545001,自我认知与情绪管理,吴松全,哈尔滨工业大学,63853,1585101600000,1593432000000,1455417441,306,3007
1002525010,心理学入门,陈红兵,东北大学,113128,1584237600000,1599307200000,1450747465,306,3007
1003721005,情商与智慧人生,董宇艳,海南师范大学,81836,1553738400000,1561908600000,1003948008,306,3007
1205905816,大学生心理健康,郭洪芹,浙江工商大学,43,1772416800000,1783092600000,1476657447,306,3007
1206457816,心理健康教育实践（含技术）,徐建,西南交通大学,378,1771898400000,1782833400000,1476451453,306,3007
1001893005,心理咨询的理论与方法：会谈技巧,徐花,南京大学,1189,1769738400000,1781710200000,1476587464,306,3007
1465864177,变态心理学,攸佳宁,华南师范大学,415,1773021600000,1782401400000,1476590441,306,3007
1452116189,学生心理辅导,陈美芬,温州大学,137,1772503200000,1782833400000,1476591464,306,3007
1002329032,大学生心理健康教育,赵陵波,福州大学,489,1773021600000,1779982200000,1476592453,306,3007
1458484161,大学生心理健康教育,滕燕,云南大学,5921,1757296800000,1767627000000,1475589496,306,3007
1460925166,心理学与生活,汪晨波,华东师范大学,472,1772416800000,1781451000000,1476415456,306,3007
1003386001,心理咨询与心理健康,朱建军,北京林业大学,380,1773972000000,1783092600000,1476648461,306,3007
1207130817,继承法,刘征峰,中南财经政法大学,15,1772589600000,1783870200000,1476746571,306,3005
1205930802,家庭塑造人-让生命更有质感,顾永红,华中师范大学,17,1772589600000,1782833400000,1476738543,306,3005
1473667166,婚姻家庭法,刘征峰,中南财经政法大学,34,1772589600000,1783956600000,1476750545,306,3005
1450114164,合同法,尹飞,中央财经大学,89,1772503200000,1785511800000,1476731517,306,3005
1471287161,科技创新保护专利实务,徐卜一,沈阳工业大学,32,1772416800000,1782833400000,1476736490,306,3005
1205966806,诉讼证据法学,李蓉,湘潭大学,41,1772416800000,1782833400000,1476740489,306,3005
1205598801,劳动与社会保障法学,刘俊,西南政法大学,217,1772416800000,1783265400000,1476728471,306,3005
1206671830,知识产权法学,林少东,福建师范大学,17,1772416800000,1783870200000,1476732458,306,3005
1205884803,学成语  知中国,雷莉,四川大学,77,1772503200000,1784646000000,1476743447,306,3005
1002606068,异化劳动和异化消费概论,赵卯生,中国政法大学,13,1772589600000,1785252600000,1476755444,306,3005
1206451836,经济法理论与实务,周黎明,浙江大学,163,1772416800000,1782315000000,1476680455,306,3005
1462062167,传播学概论,韩敏,西南大学,59,1772416800000,1783695600000,1476593448,306,3005
1003048003,汉语文字词汇,陈绂,北京师范大学,69,1772416800000,1783522800000,1476585444,306,3005
1205591804,国际法,周江,西南政法大学,107,1772330400000,1782833400000,1476486452,306,3005
1450801225,商法学,朱义坤,暨南大学,81,1772330400000,1784388600000,1476495451,306,3005
1449277167,国家安全概论,刘玉青,西安交通大学,1594,1772416800000,1781451000000,1476443452,306,3005
1461570162,逻辑学导论,金立,浙江大学,159,1772935200000,1779030000000,1476730555,306,3005
1470409177,国际私法（Private International Law）,刘元元,西南政法大学,72,1772416800000,1783870200000,1476746472,306,3005
1449261162,知识产权法,李雨峰,西南政法大学,61,1772676000000,1783265400000,1476728560,306,3005
1472549166,数字出版,陈洁,浙江大学,24,1772589600000,1783697400000,1476735562,306,3005
1471166176,大学写作基础模块,金立,浙江大学,103,1772676000000,1782833400000,1476732558,306,3005
1464108164,宪法学,秦奥蕾,中国政法大学,114,1772676000000,1782833400000,1476751546,306,3005
1206681853,犯罪心理学,周凌,中南财经政法大学,45,1772676000000,1783870200000,1476731535,306,3005
1002081016,民法精神与社会文明,孙鹏,西南政法大学,9,1772607600000,1785511800000,1476729527,306,3005
1205924810,刑法分则疑难案件分析,张永红,湘潭大学,16,1772503200000,1781969400000,1476752525,306,3005
1473661169,国际民事诉讼法,梅傲,西南政法大学,57,1772416800000,1783697400000,1476738518,306,3005
1471083165,金融法：金融科技与人工智能法,许多奇,复旦大学,118,1772503200000,1784561400000,1476749511,306,3005
1461590163,电视新闻导论（双语）,汤璇,中国传媒大学,35,1772503200000,1782831600000,1476748462,306,3005
1206582806,中国新闻史,俞凡,山东大学,39,1772416800000,1783695600000,1476747459,306,3005
1206689825,数码摄影基础,刘艳秋,青岛大学,130,1772416800000,1781276400000,1476659463,306,30001
21002,新媒体概论,韦路,浙江大学,216,1772416800000,1779721200000,1476667449,306,3005
1003733006,先秦诸子思想,何善蒙,浙江大学,356,1772416800000,1782313200000,1476610442,306,3005
1449481165,国学经典导读,李劲松,山东财经大学,42,1772416800000,1781883000000,1476586454,306,3005
1001795002,秦汉考古,张玲,河南大学,270,1772676000000,1783522800000,1476580450,306,3005
1001701011,外国文学史（一）,蒋承勇,浙江工商大学,554,1771812000000,1782054000000,1476588449,306,3005
1206681849,理性之光：思辨性主题写作与表达,田园,北京联合大学,35,1772416800000,1780239600000,1476578448,306,30001
1206899805,劳动与社会保障法,唐丽娜,西北大学,241,1771725600000,1782833400000,1476565443,306,3005
1466008171,妇幼健康医学,王慧卿,四川大学,3,1772758800000,1782833400000,1476747601,306,3008
1206458837,现代老年医学,杨云梅,浙江大学,55,1772672400000,1783179000000,1476756578,306,3008
1206678855,妇产科学,朱雪琼,温州医科大学,97,1772758800000,1780241400000,1476727585,306,3008
1473660169,临床实验室管理,江咏梅,四川大学,15,1772672400000,1782833400000,1476747546,306,3008
1207127805,中药药理学-学做自己的调理师,聂红,暨南大学,54,1772762400000,1779895800000,1476749531,306,3008
1450194213,中医基础理论,郑红,山东中医药大学,111,1772762400000,1782833400000,1476743518,306,3008
1461807177,外科手术学,陈孝平,华中科技大学,112,1772672400000,1782919800000,1476751533,306,3008
1449792176,生命周期营养,李鸣,四川大学,30,1772672400000,1788190200000,1476744525,306,3008
1206698848,职业卫生与职业医学,邬堂春,华中科技大学,65,1772672400000,1784129400000,1476730531,306,3008
1457455170,老年护理学,曾慧,中南大学,174,1772413200000,1780932600000,1476753509,306,3008
1458680162,大学生健康促进与健康教育,贾腊江,西北大学,97,1772586000000,1781710200000,1476733497,306,3008
1206706823,药理学,何俏军,浙江大学,22,1772614800000,1782487800000,1476728481,306,3008
1003508004,医学免疫学,郑芳,华中科技大学,56,1772604000000,1785511800000,1476752457,306,3008
1472363161,妇产科超声检查学,罗红,四川大学,36,1772672400000,1782833400000,1476737445,306,3008
1003502001,大学生身心健康自我关注与管理,马芳,四川大学,1,1772672400000,1782833400000,1476695446,306,3008
1003496002,生命孕育感知及漫谈,马芳,四川大学,5,1772672400000,1782833400000,1476712444,306,3008
1460749162,Obstetrics and Gynecology,邢爱耘,四川大学,3,1772845200000,1782401400000,1476700441,306,3008
1471263162,宫内疾病的临床诊治,谭欣,四川大学,12,1772672400000,1782833400000,1476648483,306,3008
1463228172,出生缺陷的产前筛查及产前诊断,刘洪倩,四川大学,17,1772672400000,1782833400000,1476675477,306,3008
1463188167,人之初——新生宝宝实用课堂,唐军,四川大学,20,1772672400000,1782833400000,1476655472,306,3008
1470436187,临床研究方法学,李济宾,中山大学,93,1771808400000,1782833400000,1476680461,306,3008
1206610806,医用物理,辛勇,南昌大学,37,1772758800000,1781796600000,1476655456,306,3008
1463119168,小儿内科学,华子瑜,重庆医科大学,144,1770685200000,1774625400000,1476581456,306,3008
1003518002,组织学与胚胎学,李和,华中科技大学,118,1772326800000,1782833400000,1476571455,306,3008
1206169802,形体训练,徐丽萨,北京航空航天大学,156,1772848800000,1782572400000,1476372441,306,3010
1206178801,健身瑜伽,陈媛,北京航空航天大学,754,1772848800000,1782572400000,1476364444,306,30001
1206177801,芭蕾形体,陈媛,北京航空航天大学,223,1772841600000,1782572400000,1476364443,306,3010
1461530173,骨往筋来-骨折与脱位的保守治疗,李朋,广州中医药大学,438,1758679200000,1769787000000,1475734454,306,3008
1002854006,中国传统节日与养生文化,郭瑞华,山东中医药大学,24,1772762400000,1782833400000,1476741544,306,3008
1002857002,中医膏方学,范磊,山东中医药大学,45,1772762400000,1782833400000,1476734534,306,3008
1206237801,合理饮食与健康,吕晓华,四川大学,45,1772758800000,1783092600000,1476734533,306,30001
1472825188,野外生存,朱静,中国石油大学（北京）,39,1772935200000,1783695600000,1476670447,306,3010
1449791171,护理学导论,李小妹,西安交通大学,56,1772413200000,1783870200000,1476563459,306,3008
1205908814,体适能与运动健康,徐玉明,杭州师范大学,160,1772589600000,1781967600000,1476383442,306,3010
1473162190,生理学,赵春玲,西南医科大学,97,1772672400000,1784129400000,1476729577,306,3008
1206462817,人格与精神障碍——学做自己的心理医生,贾艳滨,暨南大学,74,1772672400000,1782833400000,1476729541,306,3008
1002533010,中药学,王建,成都中医药大学,1981,1772416800000,1782833400000,1476748478,306,3008
387003,中药安全用药导论,张冰,北京中医药大学,190,1772416800000,1782142200000,1476755481,306,3008
1463196163,外科护理学,王爱敏,青岛大学,30,1772672400000,1783870200000,1476752451,306,3008
1463235169,分娩管理,姚强,四川大学,29,1772672400000,1782833400000,1476654477,306,3008
1206687827,儿科学,母得志,四川大学,19,1772672400000,1782833400000,1476650466,306,3008
1460766161,户外攀登技术与绳结实用教程,李增强,西南交通大学,60,1772416800000,1780671600000,1476615441,306,30001
1207123807,医学生物化学与分子生物学,林利,兰州大学,38,1772326800000,1784043000000,1476535449,306,3008
1463514164,药物化学,王磊,河北医科大学,173,1772416800000,1784129400000,1476506485,306,3008
1461187163,运动技能学习与控制,王树明,华东师范大学,37,1773021600000,1781794800000,1476736547,306,3010
1205775805,课程与教学论,陈晓端,陕西师范大学,60,1773021600000,1784127600000,1476734550,306,3010
1462108161,运动生物化学,邱俊强,北京体育大学,92,1773021600000,1782140400000,1476746549,306,3010
1206076802,体育教学论,张志勇,山东体育学院,12,1773021600000,1781535600000,1476739554,306,3010
1463182164,体育赛事管理与推广,范宏伟,中山大学,17,1773021600000,1782831600000,1476749534,306,3010
1001555014,走向深度的合作学习,刘徽,爱课程,45,1773021600000,1778425200000,1476751547,306,3010
1205798819,大学体育与健康生活,肖舒鹏,江西财经大学,34,1773021600000,1781535600000,1476734537,306,3010
1002607014,中学地理教学设计,仲小敏,天津师范大学,100,1773021600000,1779721200000,1476729456,306,3010
1205979817,篮球竞赛与裁判,杨鹏,哈尔滨工业大学,40,1773021600000,1782831600000,1476503488,306,3010
1206694810,《国家学生体质健康标准》测试项目的锻炼方法,刘长江,西安交通大学,1037,1757296800000,1766329200000,1475281466,306,3010
1205729803,羽毛球,陈莉琳,集美大学,325,1772416800000,1783263600000,1476482450,306,3010
1474345164,冠军教你跆拳道——技术进阶与健康习惯养成,刘蕊,中国海洋大学,30,1772330400000,1782054000000,1476087448,306,3010
351001,德育原理,刘济良,河南大学,13,1773108000000,1782226800000,1476753603,306,3010
1461790173,体育经济学,王晓芳,西南医科大学,20,1773021600000,1783350000000,1476740570,306,3010
1002140002,中学教育见习与实习,戴建兵,河北师范大学,1148,1773108000000,1780153200000,1476751565,306,3010
1206453818,运动技能学习与控制,任杰,上海体育大学,111,1773021600000,1782658800000,1476756536,306,3010
1466873175,大学生劳动教育,李小蕴,合肥工业大学,12,1773021600000,1783697400000,1476740559,306,3010
1002527012,学前教育学,杨晓萍,西南大学,17,1773021600000,1782831600000,1476744547,306,3010
1003756001,教育哲学,郝文武,陕西师范大学,40,1773021600000,1782054000000,1476739559,306,3010
1003758001,教育政策学,祁占勇,陕西师范大学,13,1773021600000,1781449200000,1476753561,306,3010
1003595004,掌握教学设计,盛群力,爱课程,47,1773021600000,1778425200000,1476753550,306,3010
1460928168,体育游戏与基本体操,张中印,华东师范大学,13,1773108000000,1782831600000,1476734452,306,3010
1461814178,传统体育养生方法,张和平,太原理工大学,17,1773021600000,1780844400000,1476756443,306,3010
1002126004,户外绳结及应用,魏勇生,福建农林大学,57,1772330400000,1780846200000,1476741459,306,3010
1450246163,引领世界的中国乒乓,杜力平,西南交通大学,310,1772416800000,1780844400000,1476663470,306,3010
1460765162,网球学习的根与魂,何江明,西南交通大学,339,1772416800000,1780671600000,1476622442,306,3010
1206678801,锻炼心理学,司琦,浙江大学,23,1773108000000,1784559600000,1476755579,306,3010
1205967812,运动营养学,张蕴琨,南京体育学院,78,1773021600000,1783695600000,1476754554,306,3010
1461522176,大学生健康教育与自卫防身,宋修妮,山东大学,16,1773021600000,1782658800000,1476734558,306,3010
1002582003,教育哲学,刘铁芳,湖南师范大学,34,1773021600000,1782831600000,1476722551,306,3010
1001752282,《论语》教育智慧品绎,黄明喜,华南师范大学,46,1773021600000,1783177200000,1476738548,306,3010
1207440802,移动学习的理论、技术与实践,况姗芸,华南师范大学,9,1773021600000,1781967600000,1476746550,306,3010
1207190806,气排球,孙玉宁,东北大学,67,1773021600000,1785510000000,1476754539,306,30001
1002528016,教学设计原理与方法,谢幼如,华南师范大学,124,1773108000000,1783436400000,1476754454,306,3010
1461120165,体能训练理论与方法,周志雄,首都体育学院,119,1772416800000,1781535600000,1476693441,306,3010
1207124819,运动生物力学,李翰君,北京体育大学,149,1772416800000,1784991600000,1476650464,306,3010
1205898818,运动生理学,黄文英,江西师范大学,257,1772416800000,1783868400000,1476680444,306,3010
1450219162,光影律动校园健身操舞,李鸿,西南交通大学,321,1772416800000,1780326000000,1476665444,306,3010
1002081010,创业基础与实务,付冬娟,大连理工大学,421,1772416800000,1781105400000,1476599472,306,3010
1462124170,啦啦操,孙爱景,河南体育学院,25,1772416800000,1783868400000,1476567449,306,3010
1003757001,教师演讲与口才实训,余海龙,陕西师范大学,1595,1757383200000,1767106800000,1475569464,306,3010
1002081019,足球裁判法,金刚,东北大学,91,1773108000000,1782658800000,1476731555,306,30001
1003247016,篮球,回军,东北大学,34,1773108000000,1783695600000,1476738545,306,3010
1207170809,体育舞蹈（拉丁舞）文化与习练,朱雄灏,武汉理工大学,118,1773021600000,1783609200000,1476737446,306,30001
1001934009,中学化学教学设计与实践,王磊,北京师范大学,189,1772330400000,1782831600000,1476663464,306,3010
1463960161,拉丁健身操,孔洁,金陵科技学院,231,1772330400000,1783868400000,1476689446,306,3010
1205811824,女子防身术,黄晓晓,南昌大学,94,1773021600000,1782831600000,1476469445,306,3010
1002014001,军事理论,李彦涛,哈尔滨工程大学,203,1772416800000,1781537400000,1476381444,306,3010
1003594007,教育文献的检索与分析,张宝辉,爱课程,226,1772071200000,1778770800000,1476588473,306,3010
1205721821,教育技术学研究方法,谢幼如,华南师范大学,59,1773367200000,1783695600000,1476732550,306,3010
1464026172,拳击入门,张辉,北京理工大学,154,1772416800000,1783263600000,1476684442,306,3010
1464095164,中国传统射箭,马廉祯,华南师范大学,35,1771898400000,1782831600000,1476660477,306,3010
1206751802,体育产业经营管理,曹可强,上海体育大学,30,1773626400000,1781449200000,1476730595,306,3010
1454022183,止戈之心，话说中国武术（下）,陈思,首都经济贸易大学,45,1773590400000,1781276400000,1476723565,306,30001
1206456818,创新创业创青春,苗苗,西南交通大学,70,1773021600000,1782833400000,1476741576,306,56001
1001960018,模拟电子电路与技术基础,孙肖子,西安电子科技大学,442,1772416800000,1782401400000,1476736469,306,56001
1002649002,项目分析与商业计划书,丛国栋,浙江工商大学,16,1773021600000,1781537400000,1476731461,306,56001
1002894001,大学生创新与创业实践,张祖涛,西南交通大学,202,1773108000000,1778081400000,1476751599,306,56001
1205896801,大学生力学竞赛－材料力学,胡益平,四川大学,9,1772935200000,1782833400000,1476748581,306,56001
1460909170,数学建模导引——透过数学看世界,王宏洲,北京理工大学,62,1771812000000,1781451000000,1476494446,306,56001
1002056008,市场调查与研究,雷晶,南京邮电大学,135,1773021600000,1779636600000,1476724528,306,56001
1001862004,数字电路01密码的奥秘,李政颖,武汉理工大学,1233,1772416800000,1784561400000,1476735447,306,56001
1206860803,MATLAB语言基础,俎云霄,北京邮电大学,362,1772416800000,1777735800000,1476648454,306,56001
1205901813,微信小程序开发从入门到实践,诸葛斌,浙江工商大学,413,1772409600000,1783092600000,1476541449,306,56001
1001755409,创新与创业管理,赵波,南京邮电大学,1383,1772416800000,1781019000000,1476477458,306,56001
1206473810,创新创业新思维与新实践,顾颖,西北大学,287,1772416800000,1781623800000,1476496445,306,56001
1002082011,理论力学,马红艳,大连理工大学,110,1772244000000,1782833400000,1476741444,306,56001
1461117166,通信电路与系统,林弥,杭州电子科技大学,193,1772330400000,1783265400000,1476462441,306,56001
1002005005,创业之路——带你玩转商业模式,黄明睿,广东技术师范大学,65,1773280800000,1782833400000,1476663474,306,56001
1001908005,大学生科技创新课程之中美青年创客大赛,罗大兵,西南交通大学,66,1773021600000,1779463800000,1476735492,306,56001
1002146004,市场营销,左仁淑,四川大学,797,1771898400000,1780241400000,1476479485,306,56001
1449947186,电子设计基础训练,张玉玺,北京航空航天大学,95,1771812000000,1782401400000,1476386443,306,56001
235005,数学建模,何国良,电子科技大学,54,1773626400000,1782747000000,1476729546,306,56001
1454979168,大学生创新创业教育,孔莉,云南大学,793,1771812000000,1784475000000,1476698446,306,56001
1001753421,“爱上广告”——广告艺术鉴赏,余洋,南京邮电大学,85,1773108000000,1784822400000,1476656456,306,56001
1460918172,数学建模精讲,王璐,西南交通大学,252,1771552800000,1781969400000,1476423448,306,56001
1001775006,实用大众线性代数(MATLAB版),杨威,西安电子科技大学,80,1771727400000,1782833400000,1476645449,306,114001
1003462001,设计思维与创新设计,张克俊,浙江大学,869,1769990400000,1781452800000,1476566447,306,56001
1206498809,数学建模与创新实践,刘杰,西安科技大学,18,1772416800000,1783870200000,1476650443,306,56001
1002015029,创业团队建设与管理,马力,首都经济贸易大学,125,1773021600000,1781537400000,1476585448,306,56001
1001639007,机械原理,王聪慧,吉林大学,52,1772416800000,1782833400000,1476664467,306,56001
1002850004,互联网创新创业中知识产权素养培养,贾丽萍,福州大学,263,1772157600000,1783697400000,1476528444,306,56001
235004,数学实验,张勇,电子科技大学,58,1771812000000,1783265400000,1476504446,306,56001
9003,高级语言程序设计（Python）,车万翔,哈尔滨工业大学,142566,1581300000000,1596283200000,1450310472,306,56001
24005,C语言程序设计——快速入门与提高,吕春利,中国农业大学,97098,1517796000000,1526212800000,1002249015,306,56001
17003,大学计算机基础,周海芳,国防科技大学,1256,1773622800000,1782054000000,1476736449,306,56001
1002011030,创业计划,梅强,江苏大学,81,1773626400000,1781883000000,1476730455,306,56001
1460618162,人力资源管理与创新创业实践,袁颖,青岛大学,13,1772416800000,1782833400000,1476467448,306,56001
493001,C#程序设计,刘君瑞,西北工业大学,152,1772409600000,1780846200000,1476494465,306,56001
1003515005,物理学术竞赛挑战性课程,吴喆,电子科技大学,55,1772413200000,1782833400000,1476485459,306,56001
1464113169,全国大学生数学竞赛提高课程,张天德,山东大学,113,1772416800000,1783697400000,1476441442,306,56001
1002193002,数学竞赛选讲,张天德,山东大学,61,1772416800000,1783697400000,1476442442,306,56001
1002597030,大学生创业基础,施永川,温州大学,50,1774231200000,1783351800000,1476506447,306,56001
1001658002,数学建模,方红,华中农业大学,506,1772416800000,1780241400000,1476468448,306,56001
1456150164,信息系统与安全对抗理论,罗森林,北京理工大学,33,1772413200000,1780930800000,1476450452,306,56001
1461782173,大数据思维与技术,罗森林,北京理工大学,116,1772413200000,1780930800000,1476461451,306,56001
1206680820,大学生创新创业热点问题,魏国江,福建师范大学,232,1757901600000,1764603000000,1475288445,306,56001
1002104011,数学竞赛选讲,赵小艳,西安交通大学,349,1769394600000,1778513400000,1476526442,306,56001
1001737032,走进创业,王自强/陶向南,南京大学,1537,1773021600000,1782055800000,1476487484,306,56001
1462072162,移动互联网产品创新设计,李立威,北京联合大学,133,1757296800000,1767195000000,1475362503,306,56001
56001,程序设计基础,苏小红,哈尔滨工业大学,873,1768784400000,1780153200000,1476443447,306,56001
1001908004,大学生科技创新课程之起重机创意大赛,张祖涛,西南交通大学,150,1761616800000,1768577400000,1475941493,306,56001
1206089804,创新创业过程与方法,王彤,华东交通大学,214,1757642400000,1768145400000,1475711443,306,56001
1207170805,射频识别技术与应用,浦实,武汉理工大学,178,1768874400000,1797953400000,1476486449,306,56001
1464040179,解析几何,曹丽梅,北京科技大学,117,1772416800000,1783179000000,1476416447,306,56001
1463556162,3D模型设计,张黎红,山东工商学院,13,1772517600000,1787758200000,1476723479,306,114001
1206500807,Java核心技术(高阶),陈良育,华东师范大学,9,1772755200000,1783265400000,1476601466,306,114001
1205986804,2D工程制图实践—AutoCAD,王丹虹,大连理工大学,467,1772416800000,1780759800000,1476748481,306,114001
1001556009,数学建模,谭忠,厦门大学,51,1772589600000,1782833400000,1476750539,306,114001
1003044001,微处理器与嵌入式系统设计,阎波,电子科技大学,33,1772676000000,1783351800000,1476680447,306,114001
1001943003,电子线路设计、测试与实验（二）,梁琨,华中科技大学,219,1772416800000,1784561400000,1476744459,306,114001
1003359013,EDA技术与实验,朱敏,哈尔滨工业大学,91,1772416800000,1785425400000,1476599463,306,114001
1461807175,数据科学基础（Matlab）,徐彬,东北大学,36,1772409600000,1782833400000,1476569452,306,114001
1003604001,商务与经济统计,赵楠,北京师范大学,23,1773021600000,1785684600000,1476747527,306,114001
236010,数字信号处理,朱学勇,电子科技大学,149,1772416800000,1783006200000,1476672470,306,114001
1205765811,电工电子学,张冬至,中国石油大学（华东）,17,1773021600000,1783697400000,1476406458,306,114001
1206422804,土木工程制图,吴杰,同济大学,15,1773194400000,1782833400000,1476728596,306,114001
1001909001,数字电子技术基础,周波,华中科技大学,1030,1772416800000,1783265400000,1476735468,306,114001
1462095161,数字电子技术基础,李月乔,华北电力大学,468,1772416800000,1783265400000,1476749469,306,114001
1206581810,面板数据分析与Stata应用,方红生,浙江大学,66,1773021600000,1785511800000,1476741466,306,114001
1205911803,三维机械设计【3D-CAD】,刘宏新,东北农业大学,380,1771812000000,1783870200000,1476482445,306,30001
1003488001,现代数字电子技术基础,陈龙,杭州电子科技大学,238,1772330400000,1783697400000,1476746471,306,114001
1002248013,线性代数精讲与应用案例,高淑萍,西安电子科技大学,255,1772330400000,1782833400000,1476700443,306,114001
1002920013,模拟电子技术基础,刘纪红,东北大学,596,1771812000000,1783265400000,1476321442,306,114001
1001770002,电气控制实践训练,李继芳,厦门大学,67,1773194400000,1783524600000,1476746487,306,114001
1206454817,3D动画与特效,张燕翔,中国科学技术大学,546,1771984800000,1787241600000,1476724467,306,30001
1460619162,Excel会计应用系列教程,刘锦,青岛大学,374,1772071200000,1782660600000,1476592472,306,30001
1461117167,面板数据模型及Stata应用,张华节,西南财经大学,291,1769911200000,1782833400000,1476493480,306,114001
1002927011,数字电子技术基础,杨丹,东北大学,580,1772157600000,1781105400000,1476506486,306,114001
1466045164,SPSS数据分析及量化研究,马秀麟,北京师范大学,725,1771812000000,1786892400000,1476565453,306,114001
483006,信号与系统,郭宝龙,西安电子科技大学,1573,1771898400000,1781105400000,1476567443,306,114001
1002843010,电工与电子技术实验,高玄怡,北京理工大学,138,1772157600000,1783265400000,1476738451,306,114001
1001663016,c#程序设计,唐大仕,北京大学,511,1772409600000,1782833400000,1476500452,306,114001
1206697811,Excel商务应用与建模,张国锋,上海对外经贸大学,790,1771725600000,1782833400000,1476580444,306,114001
316006,通信原理,马东堂,国防科技大学,336,1772416800000,1783697400000,1476568465,306,114001
1002989013,结构概念分析与ANSYS程序实现,郭小农,同济大学,213,1771898400000,1783006200000,1476709441,306,114001
1206456824,计量经济学导论,陈志鸿,对外经济贸易大学,302,1771812000000,1782315000000,1476503481,306,114001
1001807014,数字信号处理,王俊,北京航空航天大学,44,1772416800000,1784561400000,1476747455,306,114001
1002525007,数字设计FPGA应用,卢有亮,电子科技大学,72,1772416800000,1783870200000,1476753450,306,114001
1002835007,工程制图,罗远新,重庆大学,664,1772416800000,1782833400000,1476585468,306,114001
254001,数字电子技术基础,齐明,哈尔滨工业大学,151,1772762400000,1785425400000,1476506446,306,114001
1002215007,多媒体技术与应用,李湘梅,同济大学,209,1772409600000,1782055800000,1476646448,306,114001
1002526010,画法几何及机械制图,李小号,东北大学,215,1772416800000,1781969400000,1476532443,306,114001
1002608029,激光加工创新训练,刘彬彬,湖南大学,1395,1757037600000,1768059000000,1475309449,306,114001
268001,Python语言程序设计,嵩天,北京理工大学,76018,1757984400000,1763998200000,1475671444,306,114001
1206456840,Python程序设计,陈春晖,浙江大学,59684,1645408800000,1654873200000,1466879462,306,114001
1001871002,Python云端系统开发入门,嵩天,北京理工大学,109740,1513697400000,1518276600000,1001963002,306,114001
1001873001,Python游戏开发入门,嵩天,北京理工大学,158009,1510020000000,1516635000000,1001966001,306,114001
1001872001,Python机器学习应用,礼欣,北京理工大学,197427,1494900000000,1498404600000,1001965001,306,114001
1450197196,EDA技术与Verilog,黄继业,杭州电子科技大学,70,1773453600000,1782833400000,1476399452,306,114001
1003157002,通信电子线路,黄佳庆,华中科技大学,143,1772416800000,1782660600000,1476378441,306,114001
1449547161,数字插画实战,王鲁光,山东大学,301,1772416800000,1781280000000,1476534447,306,114001
1001807007,计量经济学,陈磊,电子科技大学,277,1772416800000,1782660600000,1476492472,306,114001
1002980009,桥梁工程全过程课程设计,阮欣,同济大学,51,1772416800000,1782660600000,1476497455,306,114001
1461535164,电子元器件应用,刘纪红,东北大学,144,1772416800000,1780241400000,1476336441,306,114001
1207040802,Solidworks三维产品设计与建模,王淑侠,西北工业大学,1885,1761530400000,1765812600000,1475972478,306,114001
1465990173,走进三维动画（C4D）,李望秀,南华大学,70,1772323200000,1782833400000,1476655460,306,30001
1206614810,二维动画制作,伍丽媛,湖南科技学院,185,1772409600000,1784129400000,1476479480,306,30001
1002839012,公文写作规范,付传,黑龙江大学,385,1772503200000,1782228600000,1476747475,306,30001
1461559166,服装人体工程学,刘正,浙江理工大学,67,1773021600000,1782489600000,1476727546,306,30001
1003768001,视听语言,桂笑冬,中国传媒大学,215,1772416800000,1783868400000,1476746444,306,30001
1460744163,新闻写作,吴辉,江西财经大学,131,1772416800000,1783350000000,1476662459,306,30001
1449591162,韩语日常会话入门,金华,华南理工大学,949,1772330400000,1782833400000,1476417448,306,30001
1002600038,鞋靴造型设计,万蓬勃,陕西科技大学,42,1773018000000,1780588800000,1476550447,306,30001
1002532009,人力资源管理,刘苹,四川大学,234,1772676000000,1782833400000,1476661471,306,30001
1450875191,创意写作,陈晓辉,西北大学,245,1773280800000,1784647800000,1476742544,306,30001
1206298828,从零起步学二胡,张国亮,四川音乐学院,198,1771984800000,1779811200000,1476601469,306,30001
1205806824,走进国际象棋殿堂,李样生,南昌大学,279,1772244000000,1780930800000,1476680475,306,30001
1461576162,服装结构设计基础,屠晔,浙江理工大学,635,1772157600000,1783612800000,1476524449,306,30001
1206461833,跟我学俄语（1）,王永,浙江大学,621,1771812000000,1782401400000,1476497447,306,30001
1449325162,传统手工造纸研究与纸艺实践,梁绸,北京理工大学,29,1773799200000,1781193600000,1476722605,306,30001
1003501002,普通话实训与测试,朱姝,四川大学,126,1773712800000,1783092600000,1476753563,306,30001
1205714805,大学生二胡基础训练,张国亮,四川音乐学院,70,1771984800000,1781625600000,1476735452,306,30001
1205913802,摄影艺术概论,周志平,浙江工商大学,253,1771898400000,1782748800000,1476530445,306,30001
1002533017,大学日语,张文丽,西安交通大学,2373,1772416800000,1779118200000,1476504444,306,30001
1001864002,大学生涯规划与职业发展,魏超,武汉理工大学,375,1769997600000,1780241400000,1476460453,306,30001
1206420808,日本大众文化,王书玮,北京科技大学,37,1773799200000,1784129400000,1476722537,306,30001
1206674833,走近山水画,王华,华侨大学,98,1772416800000,1782057600000,1476631443,306,30001
